Year	Number of Majors	Number of Minors	Department Composition	Major Percentage	Minor Percentage	Combined Percentage
2003	0	0	0.5	0.0	0.0	0.0
2004	0	0	0.5	0.0	0.0	0.0
2005	0	0	0.5	0.0	0.0	0.0
2006	0	0	0.5	0.0	0.0	0.0
2007	0	0	0.5	0.0	0.0	0.0
2008	0	0	0.5	0.0	0.0	0.0
2009	0	0	0.5	0.0	0.0	0.0
2010	0	0	0.5	0.0	0.0	0.0
2011	3	0	1.0	0.0027447392497712718	0.0	0.0027447392497712718
2012	0	0	0.5	0.0	0.0	0.0
