Year	Number of Majors	Number of Minors	Department Composition	Major Percentage	Minor Percentage	Combined Percentage
2003	0	0	0.5	0.0	0.0	0.0
2004	0	0	0.5	0.0	0.0	0.0
2005	0	0	0.5	0.0	0.0	0.0
2006	0	0	0.5	0.0	0.0	0.0
2007	0	0	0.5	0.0	0.0	0.0
2008	0	0	0.5	0.0	0.0	0.0
2009	0	0	0.5	0.0	0.0	0.0
2010	0	0	0.5	0.0	0.0	0.0
2011	19	0	1.0	0.01738334858188472	0.0	0.01738334858188472
2012	44	0	1.0	0.038128249566724434	0.0	0.038128249566724434
