Year	Number of Majors	Number of Minors	Department Composition	Major Percentage	Minor Percentage	Combined Percentage
2003	0	0	0.5	0.0	0.0	0.0
2004	0	0	0.5	0.0	0.0	0.0
2005	0	0	0.5	0.0	0.0	0.0
2006	0	0	0.5	0.0	0.0	0.0
2007	0	0	0.5	0.0	0.0	0.0
2008	0	0	0.5	0.0	0.0	0.0
2009	2	0	1.0	0.001899335232668566	0.0	0.001899335232668566
2010	2	0	1.0	0.001943634596695821	0.0	0.001943634596695821
2011	0	0	0.5	0.0	0.0	0.0
2012	3	0	1.0	0.0025996533795493936	0.0	0.0025996533795493936
