Year	Number of Majors	Number of Minors	Department Composition	Major Percentage	Minor Percentage	Combined Percentage
2003	0	0	0.5	0.0	0.0	0.0
2004	0	0	0.5	0.0	0.0	0.0
2005	0	0	0.5	0.0	0.0	0.0
2006	0	0	0.5	0.0	0.0	0.0
2007	0	0	0.5	0.0	0.0	0.0
2008	0	0	0.5	0.0	0.0	0.0
2009	0	0	0.5	0.0	0.0	0.0
2010	1	0	1.0	0.0009718172983479105	0.0	0.0009718172983479105
2011	2	0	1.0	0.0018298261665141812	0.0	0.0018298261665141812
2012	3	0	1.0	0.0025996533795493936	0.0	0.0025996533795493936
