Year	Number of Majors	Number of Minors	Department Composition	Major Percentage	Minor Percentage	Combined Percentage
2003	1	0	1.0	0.0009389671361502347	0.0	0.0009389671361502347
2004	1	0	1.0	0.0010277492291880781	0.0	0.0010277492291880781
2005	0	0	0.5	0.0	0.0	0.0
2006	2	0	1.0	0.0019723865877712033	0.0	0.0019723865877712033
2007	0	0	0.5	0.0	0.0	0.0
2008	0	0	0.5	0.0	0.0	0.0
2009	0	0	0.5	0.0	0.0	0.0
2010	0	0	0.5	0.0	0.0	0.0
2011	0	0	0.5	0.0	0.0	0.0
2012	0	0	0.5	0.0	0.0	0.0
