Year	Number of Majors	Number of Minors	Department Composition	Major Percentage	Minor Percentage	Combined Percentage
2003	0	0	0.5	0.0	0.0	0.0
2004	0	0	0.5	0.0	0.0	0.0
2005	0	0	0.5	0.0	0.0	0.0
2006	0	0	0.5	0.0	0.0	0.0
2007	0	0	0.5	0.0	0.0	0.0
2008	0	1	0.0	0.0	0.002551020408163265	0.002551020408163265
2009	0	0	0.5	0.0	0.0	0.0
2010	0	3	0.0	0.0	0.008426966292134831	0.008426966292134831
2011	0	0	0.5	0.0	0.0	0.0
2012	0	2	0.0	0.0	0.004640371229698376	0.004640371229698376
