Year	Number of Majors	Number of Minors	Department Composition	Major Percentage	Minor Percentage	Combined Percentage
2003	0	0	0.5	0.0	0.0	0.0
2004	0	1	0.0	0.0	0.002932551319648094	0.002932551319648094
2005	0	0	0.5	0.0	0.0	0.0
2006	0	1	0.0	0.0	0.0026455026455026454	0.0026455026455026454
2007	0	0	0.5	0.0	0.0	0.0
2008	0	0	0.5	0.0	0.0	0.0
2009	0	0	0.5	0.0	0.0	0.0
2010	0	3	0.0	0.0	0.008426966292134831	0.008426966292134831
2011	0	0	0.5	0.0	0.0	0.0
2012	0	0	0.5	0.0	0.0	0.0
