Year	Number of Majors	Number of Minors	Department Composition	Major Percentage	Minor Percentage	Combined Percentage
2003	1	0	1.0	0.00411522633744856	0.0	0.00411522633744856
2004	1	0	1.0	0.004081632653061225	0.0	0.004081632653061225
2005	3	0	1.0	0.012552301255230125	0.0	0.012552301255230125
2006	0	0	0.5	0.0	0.0	0.0
2007	0	0	0.5	0.0	0.0	0.0
2008	0	0	0.5	0.0	0.0	0.0
2009	0	0	0.5	0.0	0.0	0.0
2010	0	0	0.5	0.0	0.0	0.0
2011	0	0	0.5	0.0	0.0	0.0
2012	0	0	0.5	0.0	0.0	0.0
